admin@gmail.com;admin;admin;admin; ;Super admin
srbislav@gmail.com;kengur1;Srbislav;Vucenovic;Java;Admin
david@gmail.com;kengur1;David;Vucenovic;Python;Admin
minja@gmail.com;kengur1;Minja;Pericic;C;Admin
igor@gmail.com;kengur1;Igor;Markovic;Java;Korisnik
srdjan@gmail.com;kengur1;Srdjan;Maric;Java;Korisnik
branislav@gmail.com;kengur1;Branislav;Dobrokes;Python;Korisnik